Date,Time,DiagramID,DiagramName,Action,Version,Commit,Author,CommitMessage,FileSize,SvgPath
19.11.2025,09:06:21,"002","SAP Cloud","Converted","v1","9b989e9","Lucas Dreger","Fix GitHub Actions: Install Draw.io CLI with xvfb for headless conversion","4.0K","002_SAP Cloud_v1.svg"
19.11.2025,11:48:21,"002","SAP Cloud","Converted","v2","676c7e1","Lucas Dreger","Update 002_SAP Cloud.drawio","4.0K","002_SAP Cloud_v2.svg"
19.11.2025,16:08:24,"002","SAP Cloud","Converted","v3","164adac","Lucas Dreger","Update 002_SAP Cloud.drawio","4.0K","002_SAP Cloud_v3.svg"
19.11.2025,16:25:37,"002","SAP Cloud","Converted","v4","9e77652","Lucas Dreger","Update 002_SAP Cloud.drawio","4.0K","002_SAP Cloud_v4.svg"
19.11.2025,16:38:44,"002","SAP Cloud","Converted","v5","5222236","Lucas Dreger","Update 002_SAP Cloud.drawio","4.0K","002_SAP Cloud_v5.svg"
19.11.2025,16:46:54,"002","SAP Cloud","Converted","v6","a6b2f48","Lucas Dreger","Update 002_SAP Cloud.drawio","4.0K","002_SAP Cloud_v6.svg"
19.11.2025,16:55:00,"002","SAP Cloud","Converted","v7","70cf66f","Lucas Dreger","Update 002_SAP Cloud.drawio","4.0K","002_SAP Cloud_v7.svg"
19.11.2025,16:59:34,"002","SAP Cloud","Converted","v8","52d2a2c","Lucas Dreger","Update 002_SAP Cloud.drawio","4.0K","002_SAP Cloud_v8.svg"
19.11.2025,17:28:00,"002","SAP Cloud","Converted","v9","85af2da","Lucas Dreger","Update 002_SAP Cloud.drawio","4.0K","002_SAP Cloud_v9.svg"
19.11.2025,17:30:24,"002","SAP Cloud","Converted","v10","3d5a80e","Lucas Dreger","Update 002_SAP Cloud.drawio","4.0K","002_SAP Cloud_v10.svg"
19.11.2025,17:57:41,"002","SAP Cloud","Converted","v11","28271af","Lucas Dreger","Update 002_SAP Cloud.drawio","4.0K","002_SAP Cloud_v11.svg"
19.11.2025,18:04:48,"002","SAP Cloud","Converted","v12","29f87dd","Lucas Dreger","Update 002_SAP Cloud.drawio","4.0K","002_SAP Cloud_v12.svg"
19.11.2025,18:08:46,"002","SAP Cloud","Converted","v13","14fcdad","Lucas Dreger","Update 002_SAP Cloud.drawio","4.0K","002_SAP Cloud_v13.svg"
19.11.2025,18:14:19,"002","SAP Cloud","Converted","v14","a094cc7","Lucas Dreger","Update 002_SAP Cloud.drawio","4.0K","002_SAP Cloud_v14.svg"
19.11.2025,18:17:27,"002","SAP Cloud","Converted","v15","ac3a6de","Lucas Dreger","Update 002_SAP Cloud.drawio","4.0K","002_SAP Cloud_v15.svg"
19.11.2025,18:22:30,"002","SAP Cloud","Converted","v16","f940e80","Lucas Dreger","Update 002_SAP Cloud.drawio","4.0K","002_SAP Cloud_v16.svg"
19.11.2025,18:27:55,"002","SAP Cloud","Converted","v17","3c7aae1","Lucas Dreger","Update 002_SAP Cloud.drawio","4.0K","002_SAP Cloud_v17.svg"
19.11.2025,18:31:29,"002","SAP Cloud","Converted","v18","a23f837","Lucas Dreger","Update 002_SAP Cloud.drawio","4.0K","002_SAP Cloud_v18.svg"
19.11.2025,18:35:54,"002","SAP Cloud","Converted","v19","bd90ab1","Lucas Dreger","Update 002_SAP Cloud.drawio","4.0K","002_SAP Cloud_v19.svg"
19.11.2025,18:41:24,"002","SAP Cloud","Converted","v20","7f82932","Lucas Dreger","Update 002_SAP Cloud.drawio","4.0K","002_SAP Cloud_v20.svg"
20.11.2025,19:10:54,"002","SAP Cloud","Converted","v21","2628522","Lucas Dreger","Update 002_SAP Cloud.drawio","4.0K","002_SAP Cloud_v21.svg"
20.11.2025,19:21:34,"002","SAP Cloud","Converted","v22","b4bf307","Lucas Dreger","Update 002_SAP Cloud.drawio","4.0K","002_SAP Cloud_v22.svg"
20.11.2025,19:26:07,"002","SAP Cloud","Converted","v23","743030c","Lucas Dreger","Update 002_SAP Cloud.drawio","4.0K","002_SAP Cloud_v23.svg"
21.11.2025,06:43:45,"002","SAP Cloud","Converted","v24","4fa875e","Lucas Dreger","Update 002_SAP Cloud.drawio","4.0K","002_SAP Cloud_v24.svg"
21.11.2025,07:54:45,"002","SAP Cloud","Converted","v25","036c7ec","Lucas Dreger","Update 002_SAP Cloud.drawio","4.0K","002_SAP Cloud_v25.svg"
21.11.2025,07:57:13,"002","SAP Cloud","Converted","v26","18c3115","Lucas Dreger","Update 002_SAP Cloud.drawio","4.0K","002_SAP Cloud_v26.svg"
21.11.2025,08:14:34,"002","SAP Cloud","Converted","v27","db99c25","Lucas Dreger","Update 002_SAP Cloud.drawio","4.0K","002_SAP Cloud_v27.svg"
21.11.2025,10:44:10,"002","SAP Cloud","Converted","v28","0231762","Lucas Dreger","Update 002_SAP Cloud.drawio","4.0K","002_SAP Cloud_v28.svg"
